pest_name,scientific_name,intro1,intro2
Asian longhorned beetle,Anoplophora glabripennis,"The Asian longhorn beetle (ALB), Anoplophora glabripennis Motschulsky (Coleoptera: Cerambycidae), is a xylophagous longhorned beetle native to the Korean peninsula and eastern China. It became  a serious pest in China following the widespread planting of nonnative trees (Lingafelter and Hoebeke 2002, Williams et al. 2004, Herard et al. 2009, Javal 2019) and now has a  range that extends from 21° to 43° N (Yan 1985, Haack and Hoebeke 1996, Lingafelter and Hoebeke 2002). In North America, this latitudinal range encompasses Cancun, Mexico to  Milwaukee, Wisconsin . Invasive ALB populations in Europe occur as far north as 60° N, in Finland (EPPO 2021, Schmitt et al. 2025b). In the United States, the beetle was first discovered on Long Island, NY, in 1996, where it likely arrived via wood packaging from China (Haack and Hoebeke 1996). The pest spread to a number of sites in the eastern United States and Canada but has since been eradicated in Illinois, New Jersey, New York City, Boston, Mississauga, and Toronto (Coyle et al. 2021, EPPO 2021). However, infestations currently persist in central Long Island, NY; Worcester County, MA; Clermont County, OH; and Charleston County, SC (Coyle et al. 2021, USDA-APHIS 2025). ALB is a major threat to the maple hardwood lumber and sugar maple syrup industries, as well as tourism associated with fall colors in maple trees (Smith and Wu 2008). The cost of a complete infestation of all urban areas in the U.S. has been estimated at $669 billion (Nowak et al. 2001).","An estimated 30-35% of trees in the eastern United States are species commonly attacked by the pest (Nowak et al. 2001, Smith and Wu 2008). ALB can complete is its lifecycle on Acer, Aesculus, Albizia julibrissin, Betula, Cercidiphyllum, Elaeagnus angustifolia, Fraxinus, Platanus, Populus, Salix, Sorbus aucuparia and Ulmus species (van der Gaag and Loomans 2014). However, preferred genera in North America are Acer and Ulmus, compared to Populus and Salix in China (Hu et al. 2009, van der Gaag and Loomans 2014). Following oviposition under the bark of host trees, larvae feed in the cambial region before burrowing into the inner xylem and heartwood (Haack and Hoebeke 1996, Haack 2006). ALB may overwinter as an egg, larva, or pupa, though typically as an egg or larva, before emerging from round exit holes as adults (Haack and Hoebeke 1996, Haack 2006, Herard et al. 2009, Faccoli et al. 2015, Trotter and Keena 2016). ALB diapause termination requires a chilling period, and ALB larvae may be freeze tolerant (Roden et al. 2008, Torson et al. 2021). "
Asiatic rice borer,Chilo suppressalis,"The Asiatic rice borer (ASRB), Chilo suppressalis Walker (Lepidoptera: Crambiidae), is a stem borer widespread throughout Asia, Oceana, the Middle East, and Europe and has been recorded in Hawaii (CAPS 2025, Meng et al. 2008). While host plants include water oat, sorghum, millet, corn, and other grasses, ASRB larvae cause major damage to rice crops by severing panicles or the vascular system of tillers leading to white earheads and dead heart (Kiritani and Iwao 1967, Muralidharan and Pasalu 2006, Chen et al. 2014, EPPO 2019).",The pest is not known to occur in the conterminous United States but Pyraloidea larvae are frequently intercepted at U.S. ports (Solis 2006).
Honeydew moth,Cryptoblabes gnidiella,"Native to the Mediterranean region, the honeydew moth (CGN), Cryptoblabes gnidiella (Lepidoptera: Pyralidae), is a highly polyphagous primary and secondary pest of many economically important crops, including avocado, citrus, corn, cotton, grape, loquat, pomegranate, rice, and wheat (Silva and Mexia 1999, Molet 2013). The pest is usually associated with coccoids and pseudococcids, the honeydew of which CGN larvae feed on, but CGN can also directly harm fruit though the particular damage is highly host-species specific (Avidov and Gothilf 1960, Yehuda 1991, Silva and Mexia 1999, Molet 2013).","CGN has spread throughout many southern European and northern and southern African countries, as well as Brazil, Fiji, India, Malaysia, New Zealand, Uruguay, and Hawaii in the United States (EPPO 2025, Molet 2013). While not yet established in the coterminous U.S., it has been intercepted hundreds of times at ports of entry, often from countries where it is not known to be established (Molet 2013, Velez-Gavilan 2023). CGN lacks a true diapause, but overwinters in either the larval or pupal stages (Avidov and Gothilf 1960, Molet et al. 2013, Lucchi et al. 2019). "
Emerald ash borer,Agrilus planipennis,"The emerald ash borer (EAB), Agrilus planipennis Fairmaire (Coleoptera: Buprestidae), is a flat-headed, wood-boring beetle native to eastern Asia that almost exclusively requires ash trees (Fraxinus spp.) to complete its life cycle (Poland et al. 2015, USDA 2025). It was first discovered in North America in 2002 in Michigan and Ontario, though it likely had entered Michigan in the early to mid-1990s (Siegert et al. 2014). EAB is now present in 37 U.S. states and six Canadian provinces (EPPO 2025, USDA-APHIS 2025). Upon hatching, eggs laid by adult beetles in ash bark crevices burrow into the tree to feed on the inner phloem, outer xylem, and cambium, where young larvae or pre-pupae overwinter in serpentine larval galleries (Tluczek et al. 2011, Poland et al. 2015). This feeding usually results in the death of the tree within about six years (Knight et al. 2013). EAB’s cryptic nature, in which all life stages except for the adult beetle are inside of trees, makes early detection of this pest extremely difficult (Haack et al. 2002, USDA-APHIS 2025). ","All North American ash species are vulnerable to EAB, though blue ash (F. quadrangulata Michaux) appears to be less preferred (Poland et al. 2015). In its native range, EAB generally attacks trees that are already stressed (reviewed by Tluczek et al. 2011). In North America, it attacks both healthy and stressed trees, though stressed trees produce higher numbers of adults (Poland and McCullough 2006, Tluczek et al. 2011). White fringetree [Chionanthus virginicus L. (Oleaceae)], and olive [Olea europaea L. (Oleaceae)], both of which are in the same family as Fraxinus spp., are possible hosts for EAB; however, insects may exhibit higher mortality rates on these species (Rutledge and Arango-Velez 2017, Peterson and Cipollini 2020). The financial impact of EAB in the U.S. is estimated to be in the billions of dollars (Aukema et al. 2011). Additionally, the widespread loss of ash trees has resulted in decreased biodiversity and lost ecosystem services (Schrader et al. 2021)."
Egyptian cottonworm,Spodoptera littoralis,"The Egyptian cottonworm (ECW), Spodoptera littoralis Boisduval (Lepidoptera: Noctuidae), is a highly destructive, polyphagous moth present throughout southern Europe, the Mediterranean basin, the Middle East, Africa, China, and India (EPPO 2025). Host plants include 80 plant species from over 40 families, but ECW is considered a major pest of cotton, maize, potato, sugarcane, soybeans, vegetables, and wheat (CABI 2022).","Development times and overall survival rates of ECW can depend on the host plant (Salama et al. 1971, Shoman et al. 2025). The larval stage, which has six instars, can damage plants by extensive defoliation and by attacking growing points and mining or cutting stems (Baker and Miller 1974, EFSA 2015, CABI 2022). ECW does not have diapause but overwinters in the soil as a late stage larva or pupa (Yathom 1971, Ellis 2004, Miller 1977, Coop and Barker 2021). ECW is not known to be established in the United States but has been intercepted numerous times at ports of entry (Ellis 2004). "
False codling moth,Thaumatotibia leucotreta,"Native to sub-saharan Africa, the false codling moth (FCM), Thaumatotibia leucotreta Meyrick (Lepidoptera: Tortricidae), is a highly polyphagous pest now present throughout most of Africa and Israel (Carstens and Moore 2020). Economically important hosts include avocado, certain Citrus spp., corn, cotton, eggplants, grapes, stonefruit, peppers, and cut roses (EPPO 2013, van de Vossenberg 2013).","FCM completes five larval instars, which cause damage by boring into plant fruit before forming cocoons in the soil (NAPPFAST 2003). In 2008, a single adult FCM male was discovered in the wild in California and subsequently eradicated (Gilligan et al. 2011). If established in the U.S., FCM could cause significant economic damage (Venette et al. 2003)."
Japanese beetle,Popillia japoonica,"Native to Japan, the Japanese beetle (JPB), Popillia japonica Newman (Coleoptera: Scarabaeidae), is a highly polyphagous pest with more than 400 host plants, including food crops, fruit trees, turfgrass, and ornamental plants (Fleming 1972,  EPPO 2020, Tayeh et al. 2023). Since its first U.S. detection in 1916 in New Jersey, the beetle has become widespread throughout the eastern and central U.S. as well as parts of eastern Canada (Dickerson and Weiss 1918, Fleming 1972, EPPO 2020, Althoff and Rice 2022). Outbreaks in Colorado and California were eradicated (Althoff and Rice 2022); however, JPB is established in a small number of locations in the Pacific Northwest, including in British Columbia, Washington, and Oregon (EPPO 2020, Stoven et al. 2021, Zhu et al. 2023). The pest is also present in parts of Europe and eastern Russia and has been reported in India (India Biodiversity Portal 2016, EPPO 2020).","The beetle is univoltine or semivoltine (2-year life cycle) depending on local climatic conditions (Fleming 1972, Vittum 1986, EPPO 2020). Larvae overwinter as second or third instars in the soil, typically beneath managed turfgrass areas like lawns, pasture, and golf courses. Total associated costs of JPB in the U.S. are estimated at $460 million annually, with $234 million a year spent on control and turf replacement costs (Fleming 1972, USDA-APHIS 2015). "
Japanese pine sawyer beetle,Monochamus alternatus,"The Japanese pine sawyer beetle (JPSB), Monochamus alternatus Hope (Coleoptera: Cerambycidae), is a major vector of nematodes that cause pine wilt disease (PWD) (Vicente et al. 2012, EPPO 2024). Native to mainland China, Taiwan, Laos, Korea, and Japan, the vector JPSB has spread to South Korea and Vietnam (Kobayashi et al. 1984, Ma et al. 2006, EPPO 2024). Adult beetles carrying the nematodes, namely North American-native Bursaphelencus xylophilus (Steiner and Buhrer) Nickle (Nematoda: Aphelenchoididae), feed upon and infect healthy pine trees, which will show symptoms of infection due to xylem blockage caused by the nematode in about three weeks (Togashi and Magira 1981, Kobayashi et al. 1984, Vicente et al. 2012). JPSB beetles oviposit in the diseased tree, producing larvae that feed under the bark before diapausing as a fourth or fifth instar in the xylem or sapwood (Kobayashi et al. 1984, Ma et al. 2006, An et al. 2019, Togashi 2021). Before adult emergence, the nematodes congregate around callow JPSB adults, repeating the cycle (Kobayashi et al. 1984).","While B. xylophilus is native to North America and is rarely pathogenic to trees in its native range, JPSB also vectors other nematodes not known to occur in North America (CAPS 2013, An et al. 2019). In regions invaded by B. xylophilus, such as Portugal and Korea, PWD has resulted in millions of dollars of damage to forest products (Vicente et al. 2012, An et al. 2019). JPSB host plants are usually gymnosperms or are from the Pinus, Abies, Picea, Larix and Cedrus families, though Malus spp. and Acer spp. are also possible hosts (Kobayashi et al. 1984, Ma et al. 2006, Hu et al. 2013*)."
Light brown apple moth,Epiphyas postvittana,"Native to Australia, the light brown apple moth (LBAM), Epiphyas postvittana (Walker) (Lepidoptera: Tortricidae), is invasive in the United States, the United Kingdom, New Zealand, New Caledonia, and the Azores, with multiple interceptions reported in other countries (Danthanarayana 1975, EPPO 2024, Zhang et al. 2024). The highly polyphagous pest has over 500 reported host plants, though its economic impacts have been greatest for apple, pears, and grapes (Brinkerhoff 2011).","Due to a lack of diapause or other synchronizing factors, such as photoperiod or temperature, LBAM exhibits overlapping generations (Sullivan et al. 2014, Buergi et al. 2011). LBAM infestation can result in market access issues due to the risks of transporting live larvae on a large variety of host plants (Suckling et al. 2014). The pests’s distribution in the U.S. is limited to Hawaii, where it was first reported in 1893, and in California, where it was first confirmed in 2007 and now persists mainly around San Francisco and along the coast (Zimmerman 1978, Suckling and Brockerhoff 2010, Barker et al. 2020)."
Oak ambrosia beetle,Platypus quercivorus,"The oak ambrosia beetle (OAB), Platypus quercivorus Murayama (Coleoptera: Platypodidae), is a forest pest and vector of its symbiont, the pathogenic fungus, Raffaelea quercivora Kubono & Shin-Ito (Kubono and Ito 2002). Japanese oak wilt disease (JOW) caused by this fungus kills both healthy and stressed trees by blocking tracheary function (Kamata et al. 2002, Kubono and Ito 2002, Davis et al. 2005, Kobayashi and Ueda 2005). Host plants required to complete reproduction are Quercus species and several other members of the Fagaceae family, including chestnut (Castanea spp.), chinquapin (Castanopsis spp.), and stone oaks (Lithocarpus spp.) (Davis et al. 2005). However, OAB may attack trees of other species adjacent to an area of mass attack (Davis et al. 2005). Females inoculate galleries with the fungus prior to laying eggs, which the hatched larvae feed on (Kinuura 2002). If pupation does not occur before hibernation, larvae hibernate in the fifth star (Kinuura 1995, Kinuura 2002, USDA-APHIS 2011). ","OAB is distributed throughout India, Indonesia, Japan, and Papua New Guinea; however, R. quercivora has only been reported in Japan, where the beetle-vectored fungus has caused significant mortality in oak trees (Davis et al. 2005, USDA-APHIS 2011, EPPO 2020). OAB has a preference for larger trees due to their higher water content, which has left abandoned oak coppice forests in Japan particularly vulnerable to infection (Kobayashi and Ueda 2005, Nakajima 2019, EPPO 2020). OAB and JOW would cause considerable economic, environmental, and social impact if introduced to the U.S., where there are 28 possible susceptible species of oak (Davis et al. 2005, EPPO 2020). "
Old world bollworm,Helicoverpa armigera,"The old world or cotton bollworm, Helicoverpa armigera (Hübner) (Lepidoptera: Noctuidae) (OWBW), is a highly polyphagous pest of agricultural crops from 68 different plant families, including chickpeas, corn, cotton, tobacco, tomatoes, potatoes, and soybeans (Cunningham and Zalucki 2014, EPPO 2020). Widespread throughout almost all of Europe, Asia, Africa, and Australasia, OWBW began spreading through Central and South America in 2013 (EPPO 2020). In 2015, several specimens were detected in Florida, but populations did not establish (reviewed by EPPO 2020).","OWBW has high fecundity: female moths can lay up to 3,000-4,000 eggs, which can hatch in three days in optimal conditions, while a generation can be completed in 30 days (reviewed by Silva et al. 2018, EPPO 2025). Up to 12 generations are completed per year under optimal conditions in tropical regions, though an average three to five are completed in Mediterranean and subtropical regions (EPPO 2025). OWBW has the ability to migrate over great distances, even up to 2,000 km if aided by wind (Behere 2007, reviewed by Silva et al. 2018, EPPO 2025). It also is resistant to a number of insecticides and transgenic crops (reviewed by EPPO 2025). An estimated $78 billion per year in crops could be at risk of pest damage by OWBW is established in the U.S. (Kriticos et al. 2015). "
Pine-tree lappet moth,Dendrolimus pini,"The pine-tree lappet moth, Dendrolimus pini Linnaeus (Lepidoptera: Lasiocampidae) (PTLM), is an economically important pest of pine trees that is native to Europe and Asia (Hardin and Suazo 2012). Its current range includes Europe, Russia, Kazakhstan, Northern China, and Morocco (Hardin and Suazo 2012, EPPO 2024). PTLM’s primary host is the Scots pine (Pinus sylvestris), but it can successfully develop on 17 other species of pine, Douglas fir (Pseudotsuga menziesii), and Eastern hemlock (Tsuga canadensis), and may be able to successfully develop on Pinus spp. outside of its current range (Hardin and Suazo 2012, ?ukowski 2021). However, host species may affect larval and pupal development rates (Hardin and Suazo 2012, ?ukowski 2021).",
Spotted lanternfly,Lycorma delicatula,"The spotted lanternfly (SLF), Lycorma delicatula (White) (Hemiptera: Fulgoridae), is a highly polyphagous planthopper that feeds on a wide variety of agricultural and nonagricultural plants, including grape vines, fruit and walnut trees, as well as ornamental trees (Chu 1930, Barringer and Ciafré 2020, EPPO 2021). SLF adults damage plants directly by feeding on plant sap, and  sooty mold caused by excrement can impede photosynthesis and attract additional pests (Dara et al. 2015, Urban and Leach 2023).","Native to China, SLF was first detected in the U.S. in 2014 in Pennsylvania and has since spread to at least 20 eastern states (Urban and Leach 2023, NYSIPM 2025). Over the past 20 years, it has also become a major pest in South Korea (Han et al. 2008). Introduced populations of tree-of-heaven [Ailanthus altissima (Mill.) Swingle], SLF’s preferred host plant, has facilitated the invasion of the pest (Barringer and Ciafré 2020). In suburban landscapes, SLF can become a nuisance as thousands of adults may swarm on trees (Urban and Leach 2023). "
Common or Cotton cutworm,Spodoptera litura,"The common or cotton cutworm (SLI), Spodoptera litura (Fabricius, 1775) (Lepidoptera: Noctuidae), is a highly polyphagous pest of at least 120 species, including economically important crops such as corn, cotton, groundnut, potato, soybean, sweet potato, tea, tobacco, and other vegetables (Bragard et al. 2019, EPPO 2023). Native to Southeast Asia, SLI is now distributed throughout Australia, Oceania, several African islands, Hawaii, and regions of Asia (Bragard et al. 2019, EPPO 2023). Development rates and fecundity are significantly affected by temperature, humidity, and host plant quality (Garard et al. 1984, EPPO 2023, Maharjan et al. 2023, Fu et al. 2025).","SLI completes 3-12 generations in tropical regions versus X generations in colder parts of its distribution (cite).  In areas north of 30° in China, the pest establishes summer migratory populations because it cannot survive the winter due to a lack of diapause (Fand et al. 2015, Fu et al. 2015, Bragard et al. 2019, EPPO 2023). SLI has developed resistance to a wide range of  insecticides and transgenic Bt cotton and can migrate long distances, possibly aided by typhoons (Tu et al. 2010, Fu et al. 2015, Wan et al. 2008, Bragard et al. 2019, Murata et al. 1998). Heavy defoliation of host plants by larvae has led to severe crop and economic losses (Murata et al. 1998, Prasad et al. 2013, Bragard et al. 2019, Maharjan et al. 2023). "
Silver Y moth,Autographa gamma,"Widespread throughout Europe, northern Africa, and Asia, the Silver Y moth (SLYM), Autographa gamma Linnaeus (Lepidoptera: Noctuidae), is a highly polyphagous, defoliating pest of cereals, Brassica spp., legumes, tobacco, and other fruit and vegetable crops, especially sugarbeet (Maceljski and Balarin 1972, Sullivan and Molet 2007, EPPO 2019, Carneiro 2022). Adults migrate annually to northern breeding grounds throughout Eurasia to escape the hot and dry conditions of Mediterranean overwintering sites (Hon?k et al. 2002, Chapman et al. 2012, Chapman et al. 2015, Saulich et al. 2017, Becher and Revadi 2020).","The number of generations completed in Eurasia ranges from one to four, increasing as latitude decreases (Saulich et al. 2017, Carneiro 2022). Without a true diapause, SLYM overwinters in the third or fourth instar (Sullivan and Molet 2007, Saulich et al. 2017, Carneiro 2022). Mass outbreaks of SLYM in breeding areas occur sporadically, which have been correlated with very wet weather (Maceljski and Balarin 1974, Carneiro 2022). SLYM has been intercepted at U.S. ports hundreds of times and has a high establishment risk if introduced (Sullivan and Molet 2007)."
Small tomato borer,Neoleucinodes elegantalis,"The small tomato borer (STB), Neoleucinodes elegantalis (Guenée) (Lepidoptera: Pyralidae), is an oligophagous pest of Solanum species, including tomato, eggplant, red and green pepper, lulo/naranjilla, and wild Solanum spp. (OEPP/EPPO 2015). Native to South America, STB has spread throughout Mexico, Central America, and the Caribbean (OEPP/EPPO 2015, Díaz-Montilla 2013a). The pest occupies a wide range of climates in South America, though its presence varies by host plant and altitude (Díaz-Montilla 2013b).","Larvae pass through five instars, of which the third through fifth cause the most damage to fruit, with developmental rates that may vary by host plant (Serrano Plaza et al. 1992, Díaz-Montilla 2013a). STB does not appear to have any diapause or overwintering stage and has continuous, overlapping generations that generally increase with latitude (Serrano Plaza et al. 1992, Moraes and Foerster 2015, Barker et al. 2020). If introduced to the United S., areas with high levels of tomato and pepper production will be particularly at risk (USDA-APHIS-PPQ 2024). STB is a major barrier to the export of solanaceous products to the U.S. and the European Union from South America (Díaz-Montilla 2013a, 2013b)."
Sunn pest,Eurygaster integriceps,"Sunn pest (SUNP, Eurygaster integriceps Puton, 1881 (Hemiptera: Scutelleridae), is a serious, economically important pest of wheat, barely, oats, rye, and sorghum throughout Eastern Europe, West Asia, Central Asia, and North Africa (Critchley 1998, Mackesy and Moylett 2018, EPPO 2021). Larvae and adults cause host plant death, arrest grain development, or damage surviving wheat kernels by degrading the gluten content (Paulian and Popov 1980, Critchley 1998).","Bread prepared from SUNP-attacked grain has low quality and digestibility (Paulian and Popov 1980). Without control measures, the pest can cause complete wheat crop loss (Kivan and Kilic 2005). If introduced to the U.S., SUNP could cause considerable economic damage to the wheat and barley harvests, valued at $7.9 billion and $685 million in 2017, respectively (USDA-NASS 2019)."
Tomato leaf miner,Tuta absoluta,"The tomato leaf miner (TABS), Phthorimaea absoluta (Meyrick) (formerly Tuta absoluta) (Lepidoptera: Gelechiidae), is a serious pest of tomato and other solanaceous plants native to Peru (Biondi et al. 2018). The pest is now widespread throughout Central and South America and has also invaded most of Europe, Africa, and Asia to as far as South Korea (Biondi et al. 2018, EPPO 2025). In China, a median dispersal rate of more than 1,000 km/day has been calculated (Xue et al. 2025). In colder areas, TABS may persist in greenhouses (Desneux et al. 2010, Gao et al. 2025). At early stages, TABS is difficult to detect, and can cause 100% loss of tomato crops if left unmanaged (Desneux et al. 2010, Biondi et al. 2018).","TABS is multivoltine, with 10-12 generations per year in South America, two to five in Bulgaria, and four in Turkey (Desneux et al. 2010, Mamay and Yanik 2012, Karadjova et al. 2013). Thirteen overlapping annual generations and year-round activity have been reported in Spain (Vercher Aznar et al. 2010). Larvae of four instars mine mesophyllic tissue from leaves before pupating in soil or a cocoon (Desneux et al. 2010, Erdogan and Babaroglu 2014). Its rapid global spread has led to extensive synthetic insecticide usage, with associated harmful effects (Desneux et al. 2011). According to previous climate suitability modeling studies, the U.S., Mexico, and Canada–all top tomato producers–are at high risk of invasion, which could increase tomato prices (Desneux et al. 2011, Biondi et al. 2018). "
